"Ngày","Lần cuối","Mở","Cao","Thấp","KL","% Thay đổi"
"17/04/2024","84.92","85.45","85.50","84.41","","-0.52%"
"16/04/2024","85.36","85.70","86.18","84.75","241.34K","-0.06%"
"15/04/2024","85.41","85.93","86.11","84.05","343.89K","-0.29%"
"12/04/2024","85.66","85.60","87.67","85.24","369.96K","0.75%"
"11/04/2024","85.02","86.32","86.63","84.84","388.13K","-1.38%"
"10/04/2024","86.21","85.34","86.38","84.55","373.94K","1.15%"
"09/04/2024","85.23","86.59","86.98","85.09","314.99K","-1.39%"
"08/04/2024","86.43","86.10","87.10","84.69","393.73K","-0.55%"
"05/04/2024","86.91","86.86","87.63","86.32","353.21K","0.37%"
"04/04/2024","86.59","85.66","87.22","84.64","359.53K","1.36%"
"03/04/2024","85.43","85.46","86.20","84.85","322.55K","0.33%"
"02/04/2024","85.15","84.04","85.50","83.85","344.04K","1.72%"
"01/04/2024","83.71","83.14","84.49","82.60","321.06K","0.65%"
"28/03/2024","83.17","81.71","83.21","81.52","293.77K","2.24%"
"27/03/2024","81.35","81.29","81.74","80.55","249.96K","-0.33%"
"26/03/2024","81.62","81.94","82.36","81.22","235.85K","-0.40%"
"25/03/2024","81.95","80.85","82.48","80.59","300.36K","1.64%"
"22/03/2024","80.63","80.84","81.45","80.42","231.10K","-0.54%"
"21/03/2024","81.07","81.49","81.92","80.30","266.86K","-0.75%"
"20/03/2024","81.68","83.20","83.21","81.44","26.04K","-2.14%"
"19/03/2024","83.47","82.85","83.85","82.39","76.81K","0.91%"
"18/03/2024","82.72","81.03","83.09","81.01","84.72K","2.07%"
"15/03/2024","81.04","81.14","81.45","80.49","185.08K","-0.27%"
"14/03/2024","81.26","79.63","81.62","79.57","297.45K","1.93%"
"13/03/2024","79.72","78.06","79.90","77.57","316.39K","2.78%"
"12/03/2024","77.56","78.09","78.73","77.34","309.92K","-0.47%"
"11/03/2024","77.93","77.80","78.47","76.79","329.87K","-0.10%"
"08/03/2024","78.01","79.51","79.99","77.56","347.53K","-1.17%"
"07/03/2024","78.93","79.13","79.53","78.02","432.92K","-0.25%"
"06/03/2024","79.13","78.15","80.67","77.99","371.05K","1.25%"
"05/03/2024","78.15","78.74","79.49","77.52","436.52K","-0.75%"
"04/03/2024","78.74","80.14","80.41","78.56","347.21K","-1.54%"
"01/03/2024","79.97","78.28","80.85","78.05","363.42K","2.19%"
"29/02/2024","78.26","78.20","79.28","77.94","317.94K","-0.36%"
"28/02/2024","78.54","78.48","79.62","77.78","330.04K","-0.42%"
"27/02/2024","78.87","77.62","79.00","77.17","269.24K","1.66%"
"26/02/2024","77.58","76.40","78.03","75.84","274.71K","1.43%"
"23/02/2024","76.49","78.37","78.39","76.35","353.44K","-2.70%"
"22/02/2024","78.61","78.09","78.92","77.23","330.51K","0.90%"
"21/02/2024","77.91","77.15","78.08","76.32","323.24K","-0.35%"
"20/02/2024","78.18","78.98","79.80","77.67","34.87K","0.09%"
"19/02/2024","78.11","78.16","78.56","77.64","","-1.36%"
"16/02/2024","79.19","78.11","79.35","77.22","113.71K","1.49%"
"15/02/2024","78.03","76.60","78.44","75.78","122.43K","1.81%"
"14/02/2024","76.64","77.81","78.77","76.38","296.13K","-1.58%"
"13/02/2024","77.87","77.03","78.47","76.87","338.17K","1.24%"
"12/02/2024","76.92","76.60","77.09","75.54","248.48K","0.10%"
"09/02/2024","76.84","76.42","77.29","75.93","302.61K","0.81%"
"08/02/2024","76.22","74.08","76.59","73.56","377.91K","3.20%"
"07/02/2024","73.86","73.50","74.22","73.23","294.96K","0.75%"
"06/02/2024","73.31","72.76","73.82","72.38","310.96K","0.73%"
"05/02/2024","72.78","72.75","73.28","71.41","350.84K","0.69%"
"02/02/2024","72.28","73.91","74.52","71.79","467.77K","-2.09%"
"01/02/2024","73.82","75.96","76.95","73.70","577.94K","-2.68%"
"31/01/2024","75.85","77.84","78.11","75.52","344.49K","-2.53%"
"30/01/2024","77.82","77.02","78.14","75.85","347.24K","1.35%"
"29/01/2024","76.78","78.90","79.29","76.41","331.93K","-1.58%"
"26/01/2024","78.01","77.15","78.26","76.06","365.46K","0.84%"
"25/01/2024","77.36","75.30","77.51","75.16","320.18K","3.02%"
"24/01/2024","75.09","74.57","75.83","73.94","323.73K","0.97%"
"23/01/2024","74.37","74.68","75.25","73.41","306.06K","-1.09%"
"22/01/2024","75.19","73.41","75.75","72.89","28.91K","2.42%"
"19/01/2024","73.41","74.08","74.91","73.20","78.23K","-0.90%"
"18/01/2024","74.08","72.78","74.38","72.18","86.65K","2.09%"
"17/01/2024","72.56","72.00","72.95","70.50","315.68K","0.22%"
"16/01/2024","72.40","72.63","73.56","71.23","430.44K","-0.54%"
"15/01/2024","72.79","72.69","73.09","71.41","","0.15%"
"12/01/2024","72.68","73.01","75.25","72.36","403.64K","0.92%"
"11/01/2024","72.02","71.33","73.81","71.17","373.65K","0.91%"
"10/01/2024","71.37","72.17","73.59","71.01","352.77K","-1.20%"
"09/01/2024","72.24","70.91","72.93","70.47","363.45K","2.08%"
"08/01/2024","70.77","73.51","73.95","70.13","392.25K","-4.12%"
"05/01/2024","73.81","72.40","74.24","72.21","325.53K","2.24%"
"04/01/2024","72.19","73.04","74.00","71.06","344.47K","-0.70%"
"03/01/2024","72.70","70.50","73.23","69.28","334.86K","3.30%"
"02/01/2024","70.38","71.71","73.64","70.06","330.99K","-2.21%"
"01/01/2024","71.97","71.67","72.24","71.67","","0.45%"
"29/12/2023","71.65","71.99","72.62","71.25","214.49K","-0.17%"
"28/12/2023","71.77","73.80","74.40","71.72","262.75K","-3.16%"
"27/12/2023","74.11","75.32","75.66","73.77","253.32K","-1.93%"
"26/12/2023","75.57","73.56","76.18","73.13","208.72K","2.41%"
"25/12/2023","73.79","73.49","73.94","73.48","","0.31%"
"22/12/2023","73.56","73.91","74.98","73.39","222.60K","-0.45%"
"21/12/2023","73.89","73.81","74.58","72.44","251.98K","-0.44%"
"20/12/2023","74.22","74.06","75.37","73.60","273.36K","1.06%"
"19/12/2023","73.44","72.48","74.01","71.85","25.69K","1.34%"
"18/12/2023","72.47","71.68","74.26","70.64","73.94K","1.46%"
"15/12/2023","71.43","71.61","72.22","70.30","95.51K","-0.21%"
"14/12/2023","71.58","69.85","72.46","69.54","275.69K","3.04%"
"13/12/2023","69.47","68.73","69.89","67.71","307.00K","1.25%"
"12/12/2023","68.61","71.43","71.96","68.22","324.53K","-3.80%"
"11/12/2023","71.32","71.15","71.81","70.35","274.41K","0.13%"
"08/12/2023","71.23","69.76","71.63","69.50","302.25K","2.73%"
"07/12/2023","69.34","69.28","70.48","68.80","339.00K","-0.06%"
"06/12/2023","69.38","72.10","72.60","69.11","436.80K","-4.07%"
"05/12/2023","72.32","73.30","74.12","72.02","358.70K","-0.99%"
"04/12/2023","73.04","74.58","75.03","72.63","388.83K","-1.39%"
"01/12/2023","74.07","75.59","76.76","73.93","358.98K","-2.49%"
"30/11/2023","75.96","77.75","79.60","75.05","559.17K","-2.44%"
"29/11/2023","77.86","76.56","78.09","75.67","322.17K","1.90%"
"28/11/2023","76.41","75.07","77.02","74.64","286.62K","2.07%"
"27/11/2023","74.86","75.31","76.23","74.06","289.56K","-0.90%"
"24/11/2023","75.54","76.79","77.09","75.07","281.15K","-1.05%"
"23/11/2023","76.34","76.69","76.81","75.31","","-0.99%"
"22/11/2023","77.10","77.77","77.97","73.79","389.33K","-0.86%"
"21/11/2023","77.77","77.65","77.92","76.92","238.63K","0.22%"
"20/11/2023","77.60","75.65","78.22","75.65","27.25K","2.25%"
"17/11/2023","75.89","72.97","75.99","72.75","101.48K","4.10%"
"16/11/2023","72.90","76.60","76.63","72.16","125.17K","-4.90%"
"15/11/2023","76.66","78.17","78.77","76.31","282.30K","-2.04%"
"14/11/2023","78.26","78.53","79.77","77.79","263.00K","0.00%"
"13/11/2023","78.26","77.15","78.64","76.21","262.90K","1.41%"
"10/11/2023","77.17","75.59","77.73","75.31","267.00K","1.89%"
"09/11/2023","75.74","75.65","77.16","75.21","303.43K","0.54%"
"08/11/2023","75.33","77.12","77.53","74.91","429.65K","-2.64%"
"07/11/2023","77.37","80.93","81.05","77.09","396.29K","-4.27%"
"06/11/2023","80.82","81.13","82.24","80.66","271.13K","0.39%"
"03/11/2023","80.51","82.58","83.60","80.10","457.28K","-2.36%"
"02/11/2023","82.46","80.82","82.83","80.22","307.12K","2.51%"
"01/11/2023","80.44","81.48","83.42","80.30","321.59K","-0.72%"
"31/10/2023","81.02","82.59","83.37","80.74","346.01K","-1.57%"
"30/10/2023","82.31","85.00","85.30","81.82","356.93K","-3.78%"
"27/10/2023","85.54","83.53","85.90","83.10","333.76K","2.80%"
"26/10/2023","83.21","85.37","85.59","82.56","341.79K","-2.55%"
"25/10/2023","85.39","83.69","85.56","82.08","429.46K","1.97%"
"24/10/2023","83.74","86.15","86.30","82.94","370.59K","-2.05%"
"23/10/2023","85.49","88.00","88.29","85.35","315.52K","-3.67%"
"20/10/2023","88.75","90.28","90.78","88.33","27.31K","-0.69%"
"19/10/2023","89.37","88.24","90.68","86.60","72.06K","1.19%"
"18/10/2023","88.32","87.81","89.88","87.20","92.80K","1.92%"
"17/10/2023","86.66","87.06","87.75","85.60","197.12K","0.00%"
"16/10/2023","86.66","87.72","88.33","86.32","235.78K","-1.17%"
"13/10/2023","87.69","83.51","87.83","83.35","356.86K","5.77%"
"12/10/2023","82.91","83.20","85.20","82.31","373.49K","-0.69%"
"11/10/2023","83.49","85.96","86.51","83.11","425.40K","-2.88%"
"10/10/2023","85.97","86.43","86.74","85.12","337.65K","-0.47%"
"09/10/2023","86.38","85.25","87.24","84.67","435.04K","4.34%"
"06/10/2023","82.79","82.28","83.28","81.50","461.14K","0.58%"
"05/10/2023","82.31","84.45","84.92","82.15","466.00K","-2.27%"
"04/10/2023","84.22","89.42","89.59","84.16","460.00K","-5.61%"
"03/10/2023","89.23","88.67","90.27","87.76","350.66K","0.46%"
"02/10/2023","88.82","90.82","91.88","88.46","334.49K","-2.17%"
"29/09/2023","90.79","91.76","93.10","90.35","355.78K","-1.00%"
"28/09/2023","91.71","93.78","95.03","91.39","406.71K","-2.10%"
"27/09/2023","93.68","90.53","94.17","90.40","504.63K","3.64%"
"26/09/2023","90.39","89.88","90.74","88.19","318.02K","0.79%"
"25/09/2023","89.68","90.55","90.83","89.03","328.37K","-0.39%"
"22/09/2023","90.03","89.62","91.33","89.31","402.09K","0.45%"
"21/09/2023","89.63","89.30","90.98","88.37","351.03K","-0.72%"
"20/09/2023","90.28","91.55","91.98","89.87","35.99K","-1.01%"
"19/09/2023","91.20","92.22","93.74","91.07","94.60K","-0.31%"
"18/09/2023","91.48","91.20","92.43","90.75","119.26K","0.78%"
"15/09/2023","90.77","90.67","91.23","89.22","315.00K","0.68%"
"14/09/2023","90.16","88.81","90.79","88.68","325.27K","1.85%"
"13/09/2023","88.52","88.75","89.64","88.29","345.97K","-0.36%"
"12/09/2023","88.84","87.27","89.37","87.22","341.14K","1.78%"
"11/09/2023","87.29","87.40","88.15","86.71","292.39K","-0.25%"
"08/09/2023","87.51","86.78","87.95","86.15","294.44K","0.74%"
"07/09/2023","86.87","87.54","87.74","86.39","270.74K","-0.77%"
"06/09/2023","87.54","86.72","88.08","85.93","307.12K","0.98%"
"05/09/2023","86.69","86.06","88.07","85.02","452.91K","1.01%"
"04/09/2023","85.82","85.85","86.14","85.28","","-0.03%"
"03/09/2023","85.85","86.06","86.06","85.73","","0.35%"
"01/09/2023","85.55","83.63","86.06","83.46","420.46K","2.30%"
"31/08/2023","83.63","81.70","83.69","81.48","368.85K","2.45%"
"30/08/2023","81.63","81.29","82.05","80.88","299.42K","0.58%"
"29/08/2023","81.16","79.98","81.41","79.34","284.17K","1.32%"
"28/08/2023","80.10","80.15","80.87","79.61","246.58K","0.34%"
"25/08/2023","79.83","78.88","80.45","78.14","411.41K","0.99%"
"24/08/2023","79.05","78.57","79.28","77.59","349.23K","0.20%"
"23/08/2023","78.89","79.64","79.91","77.62","378.15K","-1.82%"
"22/08/2023","80.35","80.80","80.99","80.10","21.69K","-0.46%"
"21/08/2023","80.72","81.43","82.47","80.61","115.87K","-0.65%"
"18/08/2023","81.25","80.04","81.61","79.59","128.09K","1.07%"
"17/08/2023","80.39","79.25","81.08","78.95","235.58K","1.27%"
"16/08/2023","79.38","81.23","81.43","79.05","325.40K","-1.99%"
"15/08/2023","80.99","82.52","82.91","80.40","303.21K","-1.84%"
"14/08/2023","82.51","83.09","83.20","81.76","277.35K","-0.82%"
"11/08/2023","83.19","82.83","83.81","82.23","331.25K","0.45%"
"10/08/2023","82.82","84.25","84.89","82.58","362.19K","-1.87%"
"09/08/2023","84.40","82.88","84.65","82.67","478.14K","1.78%"
"08/08/2023","82.92","82.53","83.08","79.90","424.55K","1.20%"
"07/08/2023","81.94","82.82","83.30","81.52","293.04K","-1.06%"
"04/08/2023","82.82","81.73","83.24","81.51","320.87K","1.56%"
"03/08/2023","81.55","79.77","81.86","78.69","402.64K","2.59%"
"02/08/2023","79.49","82.05","82.43","79.05","414.83K","-2.31%"
"01/08/2023","81.37","81.73","82.22","80.59","307.86K","-0.53%"
"31/07/2023","81.80","80.65","82.00","80.13","297.27K","1.51%"
"28/07/2023","80.58","79.84","80.71","79.07","299.55K","0.61%"
"27/07/2023","80.09","78.90","80.60","78.87","374.36K","1.66%"
"26/07/2023","78.78","79.34","79.77","78.55","322.03K","-1.07%"
"25/07/2023","79.63","78.85","79.90","78.29","349.60K","1.13%"
"24/07/2023","78.74","77.01","79.28","76.44","368.29K","2.17%"
"21/07/2023","77.07","75.70","77.29","75.69","308.11K","1.90%"
"20/07/2023","75.63","75.35","76.15","74.72","23.71K","0.37%"
"19/07/2023","75.35","75.84","76.97","75.07","92.92K","-0.53%"
"18/07/2023","75.75","74.18","75.96","73.88","125.09K","2.16%"
"17/07/2023","74.15","75.02","76.09","73.84","244.79K","-1.68%"
"14/07/2023","75.42","77.16","77.30","75.11","299.58K","-1.91%"
"13/07/2023","76.89","75.85","77.33","75.32","379.73K","1.50%"
"12/07/2023","75.75","74.83","76.15","74.67","352.89K","1.23%"
"11/07/2023","74.83","73.19","74.96","72.98","326.88K","2.52%"
"10/07/2023","72.99","73.86","74.15","72.67","301.01K","-1.18%"
"07/07/2023","73.86","71.89","73.92","71.19","362.63K","2.87%"
"06/07/2023","71.80","71.80","72.34","70.22","395.38K","0.01%"
"05/07/2023","71.79","70.15","72.17","69.90","456.81K","1.03%"
"04/07/2023","71.06","70.08","71.34","69.91","","1.82%"
"03/07/2023","69.79","70.45","71.77","69.69","303.48K","-1.20%"
"30/06/2023","70.64","69.82","71.04","69.53","299.87K","1.12%"
"29/06/2023","69.86","69.25","70.60","68.93","292.87K","0.43%"
"28/06/2023","69.56","68.01","69.73","67.05","368.30K","2.75%"
"27/06/2023","67.70","69.49","70.15","67.50","384.75K","-2.41%"
"26/06/2023","69.37","69.84","70.11","68.71","280.12K","0.30%"
"23/06/2023","69.16","69.53","69.65","67.35","322.48K","-0.50%"
"22/06/2023","69.51","72.43","72.65","68.93","421.35K","-4.16%"
"21/06/2023","72.53","70.90","72.72","70.80","264.66K","2.88%"
"20/06/2023","70.50","71.45","72.09","69.65","28.74K","-1.14%"
"19/06/2023","71.31","71.47","72.25","70.83","","-0.22%"
"18/06/2023","71.47","71.59","71.67","71.42","","-0.43%"
"16/06/2023","71.78","70.55","71.89","69.95","99.19K","1.64%"
"15/06/2023","70.62","68.70","70.96","67.97","115.61K","3.44%"
"14/06/2023","68.27","69.35","70.49","68.07","304.45K","-1.66%"
"13/06/2023","69.42","67.31","69.83","67.15","366.35K","3.43%"
"12/06/2023","67.12","70.27","70.33","66.80","404.77K","-4.35%"
"09/06/2023","70.17","70.94","71.77","70.10","300.72K","-1.57%"
"08/06/2023","71.29","72.47","73.28","69.03","485.40K","-1.71%"
"07/06/2023","72.53","71.56","73.19","71.01","299.13K","1.10%"
"06/06/2023","71.74","71.99","72.33","70.13","314.96K","-0.57%"
"05/06/2023","72.15","75.03","75.06","71.73","383.94K","0.57%"
"02/06/2023","71.74","70.21","72.17","70.00","322.60K","2.34%"
"01/06/2023","70.10","67.60","71.07","67.51","395.39K","2.95%"
"31/05/2023","68.09","69.62","69.69","67.03","444.79K","-1.97%"
"30/05/2023","69.46","73.23","73.55","69.02","440.86K","-4.68%"
"29/05/2023","72.87","73.22","73.55","72.05","","-0.48%"
"28/05/2023","73.22","73.11","73.45","73.06","","0.76%"
"26/05/2023","72.67","71.89","73.05","71.49","261.50K","1.17%"
"25/05/2023","71.83","74.21","74.37","70.98","422.64K","-3.38%"
"24/05/2023","74.34","73.77","74.73","73.13","386.61K","1.96%"
"23/05/2023","72.91","72.10","73.79","71.71","317.59K","1.28%"
"22/05/2023","71.99","71.70","72.36","70.55","18.68K","0.61%"
"19/05/2023","71.55","71.94","73.40","71.03","69.95K","-0.43%"
"18/05/2023","71.86","72.75","72.87","71.42","80.86K","-1.33%"
"17/05/2023","72.83","70.60","73.26","70.04","273.71K","2.78%"
"16/05/2023","70.86","71.32","71.79","70.45","232.33K","-0.35%"
"15/05/2023","71.11","70.04","71.69","69.41","259.01K","1.53%"
"12/05/2023","70.04","71.42","71.78","69.93","275.44K","-1.17%"
"11/05/2023","70.87","72.77","73.50","70.63","365.89K","-2.33%"
"10/05/2023","72.56","73.58","73.89","71.80","351.51K","-1.56%"
"09/05/2023","73.71","72.84","73.78","71.34","317.49K","0.75%"
"08/05/2023","73.16","71.35","73.69","71.04","290.08K","2.55%"
"05/05/2023","71.34","68.70","71.81","68.48","330.59K","4.05%"
"04/05/2023","68.56","68.16","69.84","63.64","412.50K","-0.06%"
"03/05/2023","68.60","71.56","71.79","67.95","490.52K","-4.27%"
"02/05/2023","71.66","75.76","76.11","71.42","417.82K","-5.29%"
"01/05/2023","75.66","76.66","76.69","74.53","215.02K","-1.46%"
"28/04/2023","76.78","74.91","76.92","73.93","328.40K","2.70%"
"27/04/2023","74.76","74.38","75.28","74.03","345.88K","0.62%"
"26/04/2023","74.30","77.08","77.93","74.05","497.78K","-3.59%"
"25/04/2023","77.07","78.74","79.07","76.50","361.65K","-2.15%"
"24/04/2023","78.76","77.97","79.18","76.72","306.72K","1.14%"
"21/04/2023","77.87","77.13","78.39","76.72","291.11K","0.75%"
"20/04/2023","77.29","78.87","78.89","76.97","24.99K","-2.36%"
"19/04/2023","79.16","80.92","81.18","78.46","78.31K","-2.10%"
"18/04/2023","80.86","81.00","81.48","79.87","96.29K","0.04%"
"17/04/2023","80.83","82.48","82.71","80.47","217.05K","-2.05%"
"14/04/2023","82.52","82.40","83.12","81.76","275.13K","0.44%"
"13/04/2023","82.16","83.22","83.44","82.11","261.23K","-1.32%"
"12/04/2023","83.26","81.44","83.53","81.28","356.13K","2.12%"
"11/04/2023","81.53","79.88","81.59","79.37","309.68K","2.24%"
"10/04/2023","79.74","80.50","81.22","79.61","264.91K","-1.19%"
"06/04/2023","80.70","80.37","80.96","79.65","259.52K","0.11%"
"05/04/2023","80.61","81.01","81.24","79.72","254.97K","-0.12%"
"04/04/2023","80.71","80.44","81.81","79.61","343.57K","0.36%"
"03/04/2023","80.42","80.10","81.69","79.00","547.13K","6.28%"
"31/03/2023","75.67","74.37","75.72","73.77","304.36K","1.75%"
"30/03/2023","74.37","72.98","74.63","72.61","269.74K","1.92%"
"29/03/2023","72.97","73.61","74.37","72.76","312.67K","-0.31%"
"28/03/2023","73.20","72.86","73.93","72.19","328.47K","0.54%"
"27/03/2023","72.81","69.42","73.10","69.13","353.60K","5.13%"
"24/03/2023","69.26","69.51","70.38","66.82","380.85K","-1.00%"
"23/03/2023","69.96","69.95","71.67","69.14","335.24K","-1.33%"
"22/03/2023","70.90","69.48","71.31","68.89","337.64K","2.26%"
"21/03/2023","69.33","67.62","69.60","66.77","26.35K","2.50%"
"20/03/2023","67.64","66.62","67.70","64.12","76.87K","1.35%"
"17/03/2023","66.74","68.26","69.64","65.17","152.26K","-2.36%"
"16/03/2023","68.35","68.22","69.38","65.71","327.12K","1.09%"
"15/03/2023","67.61","71.56","72.56","65.65","555.16K","-5.22%"
"14/03/2023","71.33","74.70","74.90","70.78","432.86K","-4.64%"
"13/03/2023","74.80","76.60","77.47","72.30","457.42K","-2.45%"
"10/03/2023","76.68","75.65","77.11","74.77","371.83K","1.27%"
"09/03/2023","75.72","76.50","78.06","75.43","349.96K","-1.23%"
"08/03/2023","76.66","77.32","77.73","76.11","335.93K","-1.19%"
"07/03/2023","77.58","80.50","80.94","77.06","398.24K","-3.58%"
"06/03/2023","80.46","79.92","80.63","78.32","292.35K","0.98%"
"03/03/2023","79.68","77.89","79.90","75.83","374.20K","1.94%"
"02/03/2023","78.16","77.74","78.59","77.23","260.33K","0.60%"
"01/03/2023","77.69","76.85","77.85","76.12","342.12K","0.83%"
"28/02/2023","77.05","75.76","77.83","75.55","300.09K","1.81%"
"27/02/2023","75.68","76.42","76.82","74.99","266.09K","-0.84%"
"24/02/2023","76.32","75.60","76.63","74.09","313.04K","1.23%"
"23/02/2023","75.39","73.92","75.99","73.83","333.84K","1.95%"
"22/02/2023","73.95","76.11","76.55","73.80","332.02K","-2.90%"
"21/02/2023","76.16","76.53","77.51","75.69","35.48K","-1.47%"
"20/02/2023","77.30","76.69","77.74","76.33","","0.82%"
"19/02/2023","76.67","76.69","76.82","76.53","","0.43%"
"17/02/2023","76.34","78.07","78.25","75.06","93.27K","-2.74%"
"16/02/2023","78.49","78.54","79.54","77.92","117.60K","-0.13%"
"15/02/2023","78.59","78.83","79.15","77.25","264.49K","-0.59%"
"14/02/2023","79.06","79.06","79.61","77.46","299.94K","-1.35%"
"13/02/2023","80.14","79.94","80.62","78.45","301.30K","0.53%"
"10/02/2023","79.72","77.68","80.33","77.47","356.06K","2.13%"
"09/02/2023","78.06","78.45","78.84","76.52","324.16K","-0.52%"
"08/02/2023","78.47","77.49","78.57","77.08","353.47K","1.72%"
"07/02/2023","77.14","74.57","77.60","74.35","408.28K","4.09%"
"06/02/2023","74.11","73.23","74.51","72.25","380.03K","0.98%"
"03/02/2023","73.39","75.92","78.00","73.10","413.41K","-3.28%"
"02/02/2023","75.88","76.79","77.24","74.97","339.76K","-0.69%"
"01/02/2023","76.41","79.06","79.73","76.05","360.86K","-3.12%"
"31/01/2023","78.87","77.91","79.25","76.55","312.73K","1.25%"
"30/01/2023","77.90","80.04","80.49","77.66","327.43K","-2.23%"
"27/01/2023","79.68","81.22","82.48","79.04","367.59K","-1.64%"
"26/01/2023","81.01","80.48","82.14","79.92","291.06K","1.07%"
"25/01/2023","80.15","80.26","81.23","79.45","297.23K","0.02%"
"24/01/2023","80.13","81.62","82.22","79.66","288.21K","-1.83%"
"23/01/2023","81.62","81.79","82.64","81.05","297.08K","-0.02%"
"20/01/2023","81.64","80.84","81.91","79.91","300.15K","1.28%"
"19/01/2023","80.61","79.43","81.49","78.45","321.13K","1.02%"
"18/01/2023","79.80","81.34","82.66","79.21","326.23K","-0.81%"
"17/01/2023","80.45","80.34","81.51","78.80","267.91K","1.78%"
"16/01/2023","79.04","79.78","79.92","78.80","","-0.93%"
"15/01/2023","79.78","80.17","80.19","79.78","","-0.41%"
"13/01/2023","80.11","78.58","80.37","78.23","189.32K","1.86%"
"12/01/2023","78.65","77.90","79.37","77.35","188.06K","1.25%"
"11/01/2023","77.68","75.06","78.06","74.56","179.83K","3.06%"
"10/01/2023","75.37","75.16","76.16","74.16","164.98K","0.60%"
"09/01/2023","74.92","73.87","76.97","73.79","154.20K","1.19%"
"06/01/2023","74.04","74.18","75.71","73.52","95.22K","0.16%"
"05/01/2023","73.92","73.51","75.15","72.74","112.45K","1.12%"
"04/01/2023","73.10","77.41","77.62","73.01","149.77K","-5.21%"
"03/01/2023","77.12","80.66","81.62","76.81","139.84K","-4.16%"
"02/01/2023","80.47","80.57","80.61","80.18","","0.00%"
"30/12/2022","80.47","78.59","80.57","77.72","","2.37%"
"29/12/2022","78.61","78.61","78.83","76.81","","0.01%"
"28/12/2022","78.60","79.75","79.88","77.33","","-1.47%"
"27/12/2022","79.77","80.97","81.17","79.17","","-1.48%"
"26/12/2022","80.97","79.92","81.06","79.92","","2.05%"
"23/12/2022","79.34","78.44","80.31","78.00","","1.13%"
"22/12/2022","78.45","78.47","79.88","77.03","","0.27%"
"21/12/2022","78.24","76.00","78.56","75.81","","2.64%"
"20/12/2022","76.23","75.77","76.96","74.46","","0.45%"
"19/12/2022","75.89","75.54","76.59","74.04","","1.93%"
"16/12/2022","74.45","76.24","76.57","73.33","","-2.36%"
"15/12/2022","76.25","77.26","77.76","75.38","","-1.32%"
"14/12/2022","77.27","75.19","77.74","74.91","","2.77%"
"13/12/2022","75.19","73.42","76.36","73.22","","2.38%"
"12/12/2022","73.44","71.89","73.98","70.25","","2.14%"
"11/12/2022","71.90","71.78","72.31","71.65","","0.56%"
"09/12/2022","71.50","72.07","72.92","70.11","","-0.78%"
"08/12/2022","72.06","72.57","75.39","71.14","","-0.72%"
"07/12/2022","72.58","74.47","75.36","71.75","","-2.54%"
"06/12/2022","74.47","77.41","77.88","73.43","","-3.79%"
"05/12/2022","77.40","81.13","82.71","76.78","","-4.62%"
"04/12/2022","81.15","80.06","81.29","79.89","","1.06%"
"02/12/2022","80.30","81.32","82.19","79.68","","-1.27%"
"01/12/2022","81.33","80.56","83.33","79.94","","0.96%"
"30/11/2022","80.56","78.75","81.34","78.41","","3.02%"
"29/11/2022","78.20","76.54","79.65","76.29","381.87K","1.24%"
"28/11/2022","77.24","75.93","77.84","73.60","405.03K","1.26%"
"25/11/2022","76.28","77.51","79.90","76.22","266.45K","-2.14%"
"24/11/2022","77.95","77.53","78.19","76.92","","0.01%"
"23/11/2022","77.94","81.08","81.95","76.83","379.15K","-3.72%"
"22/11/2022","80.95","80.22","82.36","79.85","269.62K","1.53%"
"21/11/2022","79.73","80.30","80.30","75.08","21.98K","-0.44%"
"18/11/2022","80.08","82.09","82.64","77.24","96.58K","-1.91%"
"17/11/2022","81.64","85.22","85.45","81.40","138.48K","-4.62%"
"16/11/2022","85.59","86.89","87.51","84.20","225.67K","-1.53%"
"15/11/2022","86.92","85.25","88.68","84.06","331.71K","1.22%"
"14/11/2022","85.87","89.02","89.84","85.15","315.45K","-3.47%"
"11/11/2022","88.96","86.27","90.10","86.18","301.66K","2.88%"
"10/11/2022","86.47","85.85","87.35","84.70","340.01K","0.75%"
"09/11/2022","85.83","88.57","89.24","85.50","388.30K","-3.46%"
"08/11/2022","88.91","91.87","92.17","88.52","344.22K","-3.14%"
"07/11/2022","91.79","91.00","93.74","90.40","322.42K","-0.89%"
"04/11/2022","92.61","87.90","92.87","87.82","354.06K","5.04%"
"03/11/2022","88.17","89.35","89.67","87.60","239.82K","-2.03%"
"02/11/2022","90.00","88.62","90.36","87.72","280.96K","1.84%"
"01/11/2022","88.37","86.43","89.45","85.92","274.32K","2.13%"
"31/10/2022","86.53","88.39","88.65","85.30","285.34K","-1.56%"
"28/10/2022","87.90","88.67","88.76","87.08","263.40K","-1.32%"
"27/10/2022","89.08","88.26","89.79","87.33","292.56K","1.33%"
"26/10/2022","87.91","85.07","88.41","84.14","287.18K","3.04%"
"25/10/2022","85.32","84.88","86.03","83.06","240.44K","0.87%"
"24/10/2022","84.58","85.24","85.92","82.63","250.73K","-0.55%"
"21/10/2022","85.05","85.07","85.90","83.15","272.80K","-1.08%"
"20/10/2022","85.98","85.94","88.17","85.22","18.18K","0.50%"
"19/10/2022","85.55","83.69","86.20","82.59","71.31K","3.30%"
"18/10/2022","82.82","85.70","86.51","82.09","97.30K","-3.09%"
"17/10/2022","85.46","85.59","87.12","84.61","172.02K","-0.18%"
"14/10/2022","85.61","89.27","89.73","85.20","237.03K","-3.93%"
"13/10/2022","89.11","87.08","89.66","85.56","298.03K","2.11%"
"12/10/2022","87.27","88.67","90.07","86.28","332.27K","-2.33%"
"11/10/2022","89.35","91.14","91.35","87.91","333.16K","-1.95%"
"10/10/2022","91.13","93.48","93.64","90.54","289.51K","-1.63%"
"07/10/2022","92.64","88.93","93.31","88.00","429.16K","4.74%"
"06/10/2022","88.45","88.08","89.07","87.04","235.30K","0.79%"
"05/10/2022","87.76","86.37","88.42","85.42","329.79K","1.43%"
"04/10/2022","86.52","83.22","86.98","83.22","302.55K","3.46%"
"03/10/2022","83.63","81.02","84.56","80.87","287.17K","5.21%"
"30/09/2022","79.49","81.74","82.56","79.14","253.15K","-2.14%"
"29/09/2022","81.23","81.90","82.94","80.34","286.13K","-1.12%"
"28/09/2022","82.15","78.08","82.34","76.55","324.68K","4.65%"
"27/09/2022","78.50","76.47","79.51","76.42","283.61K","2.33%"
"26/09/2022","76.71","79.23","80.31","76.25","280.93K","-2.58%"
"23/09/2022","78.74","83.54","83.92","78.04","334.27K","-5.69%"
"22/09/2022","83.49","83.07","86.00","82.40","303.49K","0.66%"
"21/09/2022","82.94","84.25","86.68","82.49","339.68K","-1.79%"
"20/09/2022","84.45","85.61","86.45","83.52","26.23K","-1.49%"
"19/09/2022","85.73","85.21","86.22","82.10","59.63K","0.73%"
"16/09/2022","85.11","85.16","86.59","84.27","87.83K","0.01%"
"15/09/2022","85.10","88.91","89.15","84.53","235.36K","-3.82%"
"14/09/2022","88.48","87.94","90.19","86.18","335.38K","1.34%"
"13/09/2022","87.31","88.09","89.31","85.06","348.00K","-0.54%"
"12/09/2022","87.78","86.25","89.10","85.16","275.10K","1.14%"
"09/09/2022","86.79","82.80","87.20","82.71","305.19K","3.89%"
"08/09/2022","83.54","81.91","84.25","81.20","342.76K","1.95%"
"07/09/2022","81.94","86.93","87.76","81.50","380.78K","-5.69%"
"06/09/2022","86.88","86.84","90.39","86.18","420.26K","-2.34%"
"05/09/2022","88.96","88.27","90.37","87.98","","0.80%"
"04/09/2022","88.25","86.91","88.28","86.91","","1.59%"
"02/09/2022","86.87","86.56","89.66","86.35","277.53K","0.30%"
"01/09/2022","86.61","88.83","89.63","85.98","305.11K","-3.28%"
"31/08/2022","89.55","92.31","92.73","88.27","344.15K","-2.28%"
"30/08/2022","91.64","96.90","97.66","90.54","386.27K","-5.54%"
"29/08/2022","97.01","92.96","97.37","92.29","283.46K","4.24%"
"26/08/2022","93.06","93.06","94.02","91.08","288.39K","0.58%"
"25/08/2022","92.52","95.35","95.76","92.29","279.88K","-2.50%"
"24/08/2022","94.89","93.78","95.40","92.79","320.39K","1.23%"
"23/08/2022","93.74","90.55","94.22","90.42","285.61K","3.89%"
"22/08/2022","90.23","89.65","91.26","86.60","24.87K","-0.59%"
"19/08/2022","90.77","90.39","92.09","88.38","58.71K","0.30%"
"18/08/2022","90.50","87.39","91.46","87.32","80.03K","2.71%"
"17/08/2022","88.11","87.10","89.16","85.88","230.35K","1.83%"
"16/08/2022","86.53","87.93","90.65","85.73","305.37K","-3.22%"
"15/08/2022","89.41","91.94","92.10","86.82","275.44K","-2.91%"
"12/08/2022","92.09","94.09","94.81","91.16","264.95K","-2.38%"
"11/08/2022","94.34","91.55","95.05","91.24","341.23K","2.62%"
"10/08/2022","91.93","90.51","92.43","87.66","383.77K","1.58%"
"09/08/2022","90.50","90.69","92.65","89.05","347.05K","-0.29%"
"08/08/2022","90.76","88.46","90.89","87.22","340.16K","1.97%"
"05/08/2022","89.01","88.06","90.76","87.01","350.02K","0.53%"
"04/08/2022","88.54","90.95","91.90","87.55","334.93K","-2.34%"
"03/08/2022","90.66","93.83","96.57","90.38","395.10K","-3.98%"
"02/08/2022","94.42","93.75","96.47","92.59","328.54K","0.56%"
"01/08/2022","93.89","98.46","98.65","92.42","365.29K","-4.80%"
"29/07/2022","98.62","97.30","101.88","96.41","349.37K","2.28%"
"28/07/2022","96.42","98.17","99.84","96.04","318.40K","-0.86%"
"27/07/2022","97.26","95.60","98.59","94.30","321.90K","2.40%"
"26/07/2022","94.98","96.33","99.00","94.76","310.04K","-1.78%"
"25/07/2022","96.70","95.10","96.94","93.01","279.00K","2.11%"
"22/07/2022","94.70","96.51","97.95","94.23","307.57K","-1.71%"
"21/07/2022","96.35","99.91","99.99","94.59","318.91K","-5.78%"
"20/07/2022","102.26","103.60","104.39","101.51","28.96K","-1.88%"
"19/07/2022","104.22","102.00","104.46","99.85","63.15K","1.58%"
"18/07/2022","102.60","97.27","102.80","95.85","84.67K","5.13%"
"15/07/2022","97.59","96.39","99.03","94.57","240.77K","1.89%"
"14/07/2022","95.78","96.57","97.00","90.56","387.53K","-0.54%"
"13/07/2022","96.30","95.89","97.96","93.67","347.19K","0.48%"
"12/07/2022","95.84","103.46","103.49","95.35","398.55K","-7.93%"
"11/07/2022","104.09","104.79","105.05","100.89","348.57K","-0.67%"
"08/07/2022","104.79","102.22","105.24","101.51","327.46K","2.01%"
"07/07/2022","102.73","98.22","104.48","96.57","379.86K","4.26%"
"06/07/2022","98.53","100.36","102.14","95.10","444.11K","-0.97%"
"05/07/2022","99.50","108.80","111.45","97.43","594.22K","-9.87%"
"04/07/2022","110.40","108.17","110.77","107.25","","2.04%"
"03/07/2022","108.19","108.67","108.81","108.14","","-0.22%"
"01/07/2022","108.43","106.01","109.34","104.56","305.34K","2.52%"
"30/06/2022","105.76","109.70","110.45","105.10","362.89K","-3.66%"
"29/06/2022","109.78","111.86","114.05","109.22","322.06K","-1.77%"
"28/06/2022","111.76","110.18","112.22","109.62","306.75K","2.00%"
"27/06/2022","109.57","107.22","110.54","105.60","282.91K","1.81%"
"24/06/2022","107.62","103.99","108.58","103.64","321.59K","3.21%"
"23/06/2022","104.27","104.42","107.05","102.32","346.36K","-1.81%"
"22/06/2022","106.19","109.54","109.76","101.53","432.72K","-4.03%"
"21/06/2022","110.65","110.58","112.47","108.72","28.46K","1.66%"
"20/06/2022","108.84","108.97","109.17","106.84","","-0.09%"
"19/06/2022","108.94","108.97","109.34","108.78","","-0.57%"
"17/06/2022","109.56","117.08","118.97","108.25","103.15K","-6.83%"
"16/06/2022","117.59","115.98","118.08","112.31","162.54K","1.98%"
"15/06/2022","115.31","119.07","119.61","114.60","301.75K","-3.04%"
"14/06/2022","118.93","121.09","123.68","116.62","366.32K","-1.65%"
"13/06/2022","120.93","120.19","122.25","117.47","372.40K","0.22%"
"10/06/2022","120.67","121.46","122.75","118.33","352.91K","-0.69%"
"09/06/2022","121.51","122.43","122.72","120.79","293.30K","-0.49%"
"08/06/2022","122.11","119.79","123.18","119.30","340.59K","2.26%"
"07/06/2022","119.41","119.10","120.36","117.14","341.69K","0.77%"
"06/06/2022","118.50","120.82","120.99","117.63","246.83K","-0.31%"
"03/06/2022","118.87","117.55","120.46","115.23","240.83K","1.71%"
"02/06/2022","116.87","114.80","117.77","111.20","327.60K","1.40%"
"01/06/2022","115.26","115.40","117.87","114.58","290.53K","0.51%"
"31/05/2022","114.67","114.96","119.98","114.15","440.80K","-2.50%"
"30/05/2022","117.61","115.58","117.79","115.39","","1.73%"
"29/05/2022","115.61","115.30","115.81","115.20","","0.47%"
"27/05/2022","115.07","114.20","115.30","112.85","217.28K","0.86%"
"26/05/2022","114.09","110.69","114.83","110.27","234.75K","3.41%"
"25/05/2022","110.33","110.39","111.68","109.23","191.37K","0.51%"
"24/05/2022","109.77","110.41","111.43","108.61","224.79K","-0.47%"
"23/05/2022","110.29","110.56","111.96","109.15","215.62K","-2.60%"
"20/05/2022","113.23","111.45","114.04","110.85","20.00K","0.91%"
"19/05/2022","112.21","109.09","112.62","105.13","68.51K","2.39%"
"18/05/2022","109.59","113.66","115.42","108.46","103.67K","-2.50%"
"17/05/2022","112.40","113.87","115.56","111.75","252.63K","-1.58%"
"16/05/2022","114.20","110.98","114.90","108.11","289.13K","3.36%"
"13/05/2022","110.49","106.65","110.64","106.29","240.99K","4.11%"
"12/05/2022","106.13","105.63","107.37","102.66","323.55K","0.40%"
"11/05/2022","105.71","99.00","106.44","98.20","382.70K","5.96%"
"10/05/2022","99.76","102.65","104.16","98.86","389.75K","-3.23%"
"09/05/2022","103.09","110.43","110.49","102.13","368.18K","-6.09%"
"06/05/2022","109.77","108.70","111.18","107.24","294.28K","1.39%"
"05/05/2022","108.26","107.58","111.37","106.45","286.92K","0.42%"
"04/05/2022","107.81","103.50","108.61","102.95","272.91K","5.27%"
"03/05/2022","102.41","105.08","105.80","102.10","239.27K","-2.62%"
"02/05/2022","105.17","104.00","105.94","100.28","261.88K","0.46%"
"29/04/2022","104.69","105.17","107.99","103.78","294.39K","-0.64%"
"28/04/2022","105.36","102.11","105.68","100.13","312.06K","3.27%"
"27/04/2022","102.02","101.76","102.99","99.80","278.78K","0.31%"
"26/04/2022","101.70","98.64","102.78","97.06","351.85K","3.21%"
"25/04/2022","98.54","101.38","101.55","95.28","328.15K","-3.46%"
"22/04/2022","102.07","104.07","104.22","101.06","246.12K","-1.66%"
"21/04/2022","103.79","102.50","105.42","102.01","280.32K","1.01%"
"20/04/2022","102.75","103.05","104.16","100.70","17.02K","0.19%"
"19/04/2022","102.56","107.75","108.92","102.10","71.79K","-5.22%"
"18/04/2022","108.21","107.03","109.81","106.00","68.49K","1.18%"
"14/04/2022","106.95","104.20","107.64","102.12","244.95K","2.59%"
"13/04/2022","104.25","100.91","104.47","99.87","312.50K","3.63%"
"12/04/2022","100.60","95.17","101.35","94.84","329.04K","6.69%"
"11/04/2022","94.29","98.40","98.52","92.93","315.87K","-4.04%"
"08/04/2022","98.26","97.17","98.76","95.29","310.08K","2.32%"
"07/04/2022","96.03","97.16","98.82","93.81","367.32K","-0.21%"
"06/04/2022","96.23","101.24","104.02","95.73","366.04K","-5.62%"
"05/04/2022","101.96","103.66","105.59","99.88","280.28K","-1.28%"
"04/04/2022","103.28","98.95","103.94","98.05","288.13K","4.04%"
"01/04/2022","99.27","101.23","101.75","97.78","324.78K","-1.01%"
"31/03/2022","100.28","107.45","107.80","99.66","450.85K","-6.99%"
"30/03/2022","107.82","105.24","108.75","104.55","284.54K","3.43%"
"29/03/2022","104.24","103.47","107.84","98.44","387.20K","-1.62%"
"28/03/2022","105.96","112.92","112.93","102.83","372.25K","-6.97%"
"25/03/2022","113.90","111.75","114.12","108.68","320.30K","1.39%"
"24/03/2022","112.34","114.47","116.64","110.61","307.24K","-2.25%"
"23/03/2022","114.93","108.85","115.40","108.38","289.18K","2.84%"
"22/03/2022","111.76","112.90","115.01","109.30","22.94K","-0.32%"
"21/03/2022","112.12","105.13","112.69","104.08","77.22K","7.09%"
"18/03/2022","104.70","103.62","106.28","102.30","74.25K","1.67%"